{"cameraMode":{"drawMode":0,"name":"Shaded","section":"Shading Mode"},"sceneLighting":true,"audioPlay":false,"sceneViewState":{"showFog":true,"showMaterialUpdate":false,"showSkybox":true,"showFlares":true,"showImageEffects":true,"showParticleSystems":true},"in2DMode":false,"pivot":{"x":-2.553582191467285,"y":3.27453351020813,"z":5.311878681182861},"rotation":{"x":-0.07537924498319626,"y":-0.26679107546806338,"z":0.02093406952917576,"w":-0.9605739712715149},"size":4.258559226989746,"orthographic":false}